category_id,level,parent_id,path,name,is_leaf
1,1,,/1/,여성의류,0
2,1,,/2/,남성의류,0
3,1,,/3/,신발,0
4,1,,/4/,가방/지갑,0
5,1,,/5/,시계,0
6,1,,/6/,쥬얼리,0
7,1,,/7/,패션 액세서리,0
8,1,,/8/,디지털,0
9,1,,/9/,가전제품,0
10,1,,/10/,스포츠/레저,0
11,1,,/11/,차량/오토바이,0
12,1,,/12/,스타굿즈,0
13,1,,/13/,키덜트,0
14,1,,/14/,예술/희귀/수집품,0
15,1,,/15/,음반/악기,0
16,1,,/16/,도서/티켓/문구,0
17,1,,/17/,뷰티/미용,0
18,1,,/18/,가구/인테리어,0
19,1,,/19/,생활/주방용품,0
20,1,,/20/,공구/산업용품,0
21,1,,/21/,식품,0
22,1,,/22/,유아동/출산,0
23,1,,/23/,반려동물용품,0
24,1,,/24/,기타,1
25,1,,/25/,재능,0
26,2,1,/1/26/,아우터,0
27,2,1,/1/27/,상의,0
28,2,1,/1/28/,바지,0
29,2,1,/1/29/,치마,0
30,2,1,/1/30/,원피스,0
31,2,1,/1/31/,점프수트,1
32,2,1,/1/32/,셋업/세트,0
33,2,1,/1/33/,언더웨어/홈웨어,0
34,2,1,/1/34/,테마/이벤트,0
35,2,2,/2/35/,아우터,0
36,2,2,/2/36/,상의,0
37,2,2,/2/37/,바지,0
38,2,2,/2/38/,점프수트,1
39,2,2,/2/39/,셋업/세트,0
40,2,2,/2/40/,언더웨어/홈웨어,0
41,2,2,/2/41/,테마/이벤트,0
42,2,3,/3/42/,스니커즈,1
43,2,3,/3/43/,남성화,0
44,2,3,/3/44/,여성화,0
45,2,3,/3/45/,스포츠화,0
46,2,4,/4/46/,여성가방,0
47,2,4,/4/47/,남성가방,0
48,2,4,/4/48/,여행용 가방,0
49,2,4,/4/49/,여성지갑,1
50,2,4,/4/50/,남성지갑,1
51,2,4,/4/51/,기타 지갑,1
52,2,5,/5/52/,남성시계,0
53,2,5,/5/53/,여성시계,0
54,2,5,/5/54/,시계용품,0
55,2,6,/6/55/,귀걸이/피어싱,0
56,2,6,/6/56/,목걸이/펜던트,0
57,2,6,/6/57/,팔찌,0
58,2,6,/6/58/,발찌,0
59,2,6,/6/59/,반지,0
60,2,6,/6/60/,쥬얼리 세트,0
61,2,6,/6/61/,기타 쥬얼리,1
62,2,7,/7/62/,모자,0
63,2,7,/7/63/,안경/선글라스,0
64,2,7,/7/64/,목도리/장갑,0
65,2,7,/7/65/,스카프/넥타이,0
66,2,7,/7/66/,벨트,0
67,2,7,/7/67/,양말/스타킹,0
68,2,7,/7/68/,우산/양산,1
69,2,7,/7/69/,키링/키케이스,1
70,2,7,/7/70/,기타 액세서리,1
71,2,8,/8/71/,휴대폰,0
72,2,8,/8/72/,태블릿,0
73,2,8,/8/73/,웨어러블(워치/밴드),0
74,2,8,/8/74/,오디오/영상/관련기기,0
75,2,8,/8/75/,PC/노트북,0
76,2,8,/8/76/,게임/타이틀,0
77,2,8,/8/77/,카메라/DSLR,0
78,2,8,/8/78/,PC부품/저장장치,0
79,2,9,/9/79/,생활가전,0
80,2,9,/9/80/,주방가전,0
81,2,9,/9/81/,미용가전,0
82,2,9,/9/82/,냉장고,1
83,2,9,/9/83/,에어컨,1
84,2,9,/9/84/,세탁기/건조기,1
85,2,9,/9/85/,TV,1
86,2,9,/9/86/,사무기기(복사기/팩스 등),1
87,2,9,/9/87/,기타 가전제품,1
88,2,10,/10/88/,골프,0
89,2,10,/10/89/,캠핑,0
90,2,10,/10/90/,낚시,0
91,2,10,/10/91/,축구,0
92,2,10,/10/92/,야구,0
93,2,10,/10/93/,농구,0
94,2,10,/10/94/,자전거,0
95,2,10,/10/95/,등산/클라이밍,0
96,2,10,/10/96/,헬스/요가/필라테스,0
97,2,10,/10/97/,인라인/스케이트보드,1
98,2,10,/10/98/,전동킥보드/전동휠,1
99,2,10,/10/99/,테니스,1
100,2,10,/10/100/,배드민턴,1
101,2,10,/10/101/,볼링,1
102,2,10,/10/102/,탁구,1
103,2,10,/10/103/,당구,1
104,2,10,/10/104/,겨울 스포츠,0
105,2,10,/10/105/,수상 스포츠,0
106,2,10,/10/106/,격투/무술,0
107,2,10,/10/107/,기타 스포츠,1
108,2,11,/11/108/,차량 용품/부품,0
109,2,11,/11/109/,오토바이/스쿠터,0
110,2,11,/11/110/,오토바이 용품/부품,0
111,2,12,/12/111/,보이그룹,0
112,2,12,/12/112/,걸그룹,0
113,2,12,/12/113/,솔로(남),0
114,2,12,/12/114/,솔로(여),0
115,2,12,/12/115/,배우(남),0
116,2,12,/12/116/,배우(여),0
117,2,12,/12/117/,방송/예능/캐릭터,0
118,2,12,/12/118/,기타,1
119,2,13,/13/119/,피규어/인형,1
120,2,13,/13/120/,레고/블록,1
121,2,13,/13/121/,프라모델,1
122,2,13,/13/122/,RC/드론,1
123,2,13,/13/123/,보드게임,1
124,2,13,/13/124/,서바이벌건,1
125,2,13,/13/125/,기타(키덜트),1
126,2,14,/14/126/,희귀/수집품,1
127,2,14,/14/127/,골동품,1
128,2,14,/14/128/,예술작품,1
129,2,15,/15/129/,CD/DVD/LP,1
130,2,15,/15/130/,악기,0
131,2,16,/16/131/,도서,0
132,2,16,/16/132/,문구,0
133,2,16,/16/133/,기프티콘/쿠폰,0
134,2,16,/16/134/,상품권,0
135,2,16,/16/135/,티켓,0
136,2,17,/17/136/,스킨케어,0
137,2,17,/17/137/,색조메이크업,0
138,2,17,/17/138/,베이스메이크업,0
139,2,17,/17/139/,바디/헤어케어,0
140,2,17,/17/140/,향수/아로마,0
141,2,17,/17/141/,네일아트/케어,0
142,2,17,/17/142/,미용소품/기기,0
143,2,17,/17/143/,다이어트/이너뷰티,1
144,2,17,/17/144/,남성 화장품,0
145,2,18,/18/145/,가구,0
146,2,18,/18/146/,침구,1
147,2,18,/18/147/,수공예/수선,0
148,2,18,/18/148/,셀프 인테리어 용품,1
149,2,18,/18/149/,인테리어 소품,0
150,2,18,/18/150/,꽃/원예,0
151,2,18,/18/151/,조명,1
152,2,18,/18/152/,카페트/러그/매트,1
153,2,18,/18/153/,커튼/블라인드,1
154,2,19,/19/154/,주방용품,0
155,2,19,/19/155/,욕실용품,0
156,2,19,/19/156/,생활용품,0
157,2,20,/20/157/,드릴/전동공구,1
158,2,20,/20/158/,수공구/가정용 공구,1
159,2,20,/20/159/,공구함,1
160,2,20,/20/160/,산업용품/자재,1
161,2,20,/20/161/,측정/계측/레벨,1
162,2,20,/20/162/,공장기계/용접/가스,1
163,2,20,/20/163/,에어/유압용구,1
164,2,20,/20/164/,기타 산업용품,1
165,2,21,/21/165/,건강식품,1
166,2,21,/21/166/,농수축산물,1
167,2,21,/21/167/,간식,1
168,2,21,/21/168/,커피/차,1
169,2,21,/21/169/,생수/음료,1
170,2,21,/21/170/,면/통조림,1
171,2,21,/21/171/,장/소스/오일,1
172,2,21,/21/172/,간편조리식품,1
173,2,21,/21/173/,기타 식품,1
174,2,22,/22/174/,베이비의류(0-2세),0
175,2,22,/22/175/,여아의류(3-6세),0
176,2,22,/22/176/,남아의류(3-6세),0
177,2,22,/22/177/,여주니어의류(7세~),0
178,2,22,/22/178/,남주니어의류(7세~),0
179,2,22,/22/179/,신발/가방/잡화,0
180,2,22,/22/180/,유아동용품,0
181,2,22,/22/181/,임부 의류/용품,0
182,2,22,/22/182/,교구/완구/인형,0
183,2,22,/22/183/,수유/이유용품,0
184,2,23,/23/184/,강아지 용품,1
185,2,23,/23/185/,강아지 사료/간식,1
186,2,23,/23/186/,기타(강아지),1
187,2,23,/23/187/,고양이 용품,1
188,2,23,/23/188/,고양이 사료/간식,1
189,2,23,/23/189/,기타(고양이),1
190,2,23,/23/190/,기타(반려동물 용품),1
191,2,23,/23/191/,기타(반려동물 사료/간식),1
192,2,25,/25/192/,디자인/영상/사진,0
193,2,25,/25/193/,생활서비스/지식,0
194,2,25,/25/194/,스타일/뷰티,0
195,2,25,/25/195/,블로그/문서/번역,0
196,2,25,/25/196/,거래 대행,0
197,2,25,/25/197/,기타 재능,0
198,3,26,/1/26/198/,패딩,1
199,3,26,/1/26/199/,점퍼,1
200,3,26,/1/26/200/,코트,1
201,3,26,/1/26/201/,자켓,1
202,3,26,/1/26/202/,가디건,1
203,3,26,/1/26/203/,조끼/베스트,1
204,3,27,/1/27/204/,니트/스웨터,1
205,3,27,/1/27/205/,후드티/후드집업,1
206,3,27,/1/27/206/,맨투맨,1
207,3,27,/1/27/207/,블라우스,1
208,3,27,/1/27/208/,셔츠,1
209,3,27,/1/27/209/,반팔 티셔츠,1
210,3,27,/1/27/210/,긴팔 티셔츠,1
211,3,27,/1/27/211/,민소매 티셔츠,1
212,3,28,/1/28/212/,데님/청바지,1
213,3,28,/1/28/213/,슬랙스,1
214,3,28,/1/28/214/,면바지,1
215,3,28,/1/28/215/,반바지,1
216,3,28,/1/28/216/,트레이닝/조거팬츠,1
217,3,28,/1/28/217/,레깅스,1
218,3,28,/1/28/218/,기타 바지,1
219,3,29,/1/29/219/,롱 스커트,1
220,3,29,/1/29/220/,미디 스커트,1
221,3,29,/1/29/221/,미니 스커트,1
222,3,30,/1/30/222/,롱 원피스,1
223,3,30,/1/30/223/,미디 원피스,1
224,3,30,/1/30/224/,미니 원피스,1
225,3,32,/1/32/225/,정장/셋업,1
226,3,32,/1/32/226/,트레이닝/스웨트 셋업,1
227,3,32,/1/32/227/,기타 셋업/세트,1
228,3,33,/1/33/228/,홈웨어,1
229,3,33,/1/33/229/,언더웨어,1
230,3,34,/1/34/230/,코스튬/코스프레,1
231,3,34,/1/34/231/,한복,1
232,3,34,/1/34/232/,드레스,1
233,3,34,/1/34/233/,기타 테마/이벤트,1
234,3,35,/2/35/234/,패딩,1
235,3,35,/2/35/235/,점퍼,1
236,3,35,/2/35/236/,코트,1
237,3,35,/2/35/237/,자켓,1
238,3,35,/2/35/238/,가디건,1
239,3,35,/2/35/239/,조끼/베스트,1
240,3,36,/2/36/240/,후드티/후드집업,1
241,3,36,/2/36/241/,맨투맨,1
242,3,36,/2/36/242/,니트/스웨터,1
243,3,36,/2/36/243/,셔츠,1
244,3,36,/2/36/244/,반팔 티셔츠,1
245,3,36,/2/36/245/,긴팔 티셔츠,1
246,3,36,/2/36/246/,민소매 티셔츠,1
247,3,37,/2/37/247/,데님/청바지,1
248,3,37,/2/37/248/,면바지,1
249,3,37,/2/37/249/,슬랙스,1
250,3,37,/2/37/250/,트레이닝/조거팬츠,1
251,3,37,/2/37/251/,반바지,1
252,3,37,/2/37/252/,기타 바지,1
253,3,39,/2/39/253/,정장/셋업,1
254,3,39,/2/39/254/,트레이닝/스웨트 셋업,1
255,3,39,/2/39/255/,기타 셋업/세트,1
256,3,40,/2/40/256/,언더웨어,1
257,3,40,/2/40/257/,홈웨어,1
258,3,41,/2/41/258/,코스튬/코스프레,1
259,3,41,/2/41/259/,한복,1
260,3,41,/2/41/260/,기타 테마/이벤트,1
261,3,43,/3/43/261/,샌들/슬리퍼,1
262,3,43,/3/43/262/,구두/로퍼,1
263,3,43,/3/43/263/,워커/부츠,1
264,3,43,/3/43/264/,기타 남성화,1
265,3,44,/3/44/265/,샌들/슬리퍼,1
266,3,44,/3/44/266/,구두,1
267,3,44,/3/44/267/,단화/플랫슈즈,1
268,3,44,/3/44/268/,워커/부츠,1
269,3,44,/3/44/269/,기타 여성화,1
270,3,45,/3/45/270/,농구화,1
271,3,45,/3/45/271/,골프화,1
272,3,45,/3/45/272/,축구/풋살화,1
273,3,45,/3/45/273/,테니스화,1
274,3,45,/3/45/274/,등산화/트레킹화,1
275,3,45,/3/45/275/,야구화,1
276,3,45,/3/45/276/,기타 스포츠화,1
277,3,46,/4/46/277/,클러치백,1
278,3,46,/4/46/278/,숄더백,1
279,3,46,/4/46/279/,크로스백,1
280,3,46,/4/46/280/,토트백,1
281,3,46,/4/46/281/,백팩,1
282,3,46,/4/46/282/,기타 여성가방,1
283,3,47,/4/47/283/,클러치,1
284,3,47,/4/47/284/,숄더백,1
285,3,47,/4/47/285/,크로스백,1
286,3,47,/4/47/286/,브리프케이스,1
287,3,47,/4/47/287/,백팩,1
288,3,47,/4/47/288/,기타 남성가방,1
289,3,48,/4/48/289/,캐리어,1
290,3,48,/4/48/290/,기타 여행용 가방,1
291,3,52,/5/52/291/,프리미엄 시계(쿼츠),1
292,3,52,/5/52/292/,프리미엄 시계(기계식),1
293,3,52,/5/52/293/,일반 시계(디지털),1
294,3,52,/5/52/294/,일반 시계(메탈 밴드),1
295,3,52,/5/52/295/,일반 시계(가죽 밴드),1
296,3,52,/5/52/296/,일반 시계(기타 밴드),1
297,3,53,/5/53/297/,프리미엄 시계(쿼츠),1
298,3,53,/5/53/298/,프리미엄 시계(기계식),1
299,3,53,/5/53/299/,일반 시계(디지털),1
300,3,53,/5/53/300/,일반 시계(메탈 밴드),1
301,3,53,/5/53/301/,일반 시계(가죽 밴드),1
302,3,53,/5/53/302/,일반 시계(기타 밴드),1
303,3,54,/5/54/303/,스트랩,1
304,3,54,/5/54/304/,기타 시계용품,1
305,3,55,/6/55/305/,다이아몬드 귀걸이,1
306,3,55,/6/55/306/,금 귀걸이,1
307,3,55,/6/55/307/,은 귀걸이,1
308,3,55,/6/55/308/,진주/유색보석 귀걸이,1
309,3,55,/6/55/309/,패션 귀걸이,1
310,3,55,/6/55/310/,피어싱,1
311,3,55,/6/55/311/,귀찌/이어커프,1
312,3,56,/6/56/312/,다이아몬드 목걸이,1
313,3,56,/6/56/313/,금 목걸이,1
314,3,56,/6/56/314/,은 목걸이,1
315,3,56,/6/56/315/,진주/유색보석 목걸이,1
316,3,56,/6/56/316/,패션 목걸이,1
317,3,56,/6/56/317/,초커,1
318,3,57,/6/57/318/,금팔찌,1
319,3,57,/6/57/319/,은팔찌,1
320,3,57,/6/57/320/,패션 팔찌,1
321,3,58,/6/58/321/,금발찌,1
322,3,58,/6/58/322/,패션발찌,1
323,3,59,/6/59/323/,다이아몬드 반지,1
324,3,59,/6/59/324/,금반지,1
325,3,59,/6/59/325/,은반지,1
326,3,59,/6/59/326/,진주/유색보석 반지,1
327,3,59,/6/59/327/,패션반지,1
328,3,60,/6/60/328/,귀금속 쥬얼리 세트,1
329,3,60,/6/60/329/,패션 쥬얼리 세트,1
330,3,62,/7/62/330/,볼캡,1
331,3,62,/7/62/331/,버킷,1
332,3,62,/7/62/332/,스냅백,1
333,3,62,/7/62/333/,비니,1
334,3,62,/7/62/334/,기타(모자),1
335,3,63,/7/63/335/,선글라스,1
336,3,63,/7/63/336/,안경,1
337,3,64,/7/64/337/,목도리,1
338,3,64,/7/64/338/,장갑,1
339,3,65,/7/65/339/,스카프,1
340,3,65,/7/65/340/,넥타이,1
341,3,66,/7/66/341/,남성 벨트,1
342,3,66,/7/66/342/,여성 벨트,1
343,3,67,/7/67/343/,양말,1
344,3,67,/7/67/344/,스타킹,1
345,3,71,/8/71/345/,스마트폰,1
346,3,71,/8/71/346/,일반폰(피처폰),1
347,3,71,/8/71/347/,케이스/보호필름/액세서리,1
348,3,71,/8/71/348/,케이블/충전기/주변기기,1
349,3,71,/8/71/349/,기타 휴대폰,1
350,3,72,/8/72/350/,태블릿,1
351,3,72,/8/72/351/,케이스/보호필름/액세서리,1
352,3,72,/8/72/352/,케이블/충전기/주변기기,1
353,3,73,/8/73/353/,스마트워치/밴드,1
354,3,73,/8/73/354/,케이스/보호필름/액세서리,1
355,3,73,/8/73/355/,케이블/충전기/주변기기,1
356,3,74,/8/74/356/,이어폰,1
357,3,74,/8/74/357/,헤드폰,1
358,3,74,/8/74/358/,스피커/앰프,1
359,3,74,/8/74/359/,MP3/PMP,1
360,3,74,/8/74/360/,비디오/프로젝터,1
361,3,74,/8/74/361/,오디오/홈시어터,1
362,3,74,/8/74/362/,기타 오디오/영상/관련기기,1
363,3,75,/8/75/363/,데스크탑,1
364,3,75,/8/75/364/,노트북/넷북,1
365,3,75,/8/75/365/,모니터,1
366,3,75,/8/75/366/,키보드,1
367,3,75,/8/75/367/,마우스,1
368,3,75,/8/75/368/,기타 PC 주변기기,1
369,3,75,/8/75/369/,노트북 가방/액세서리,1
370,3,75,/8/75/370/,기타 PC/노트북,1
371,3,76,/8/76/371/,닌텐도/NDS/Wii,1
372,3,76,/8/76/372/,소니/플레이스테이션,1
373,3,76,/8/76/373/,XBOX,1
374,3,76,/8/76/374/,PC 게임,1
375,3,76,/8/76/375/,기타 게임/타이틀,1
376,3,77,/8/77/376/,필름카메라/중형카메라,1
377,3,77,/8/77/377/,DSLR/미러리스,1
378,3,77,/8/77/378/,렌즈/필터/컨버터,1
379,3,77,/8/77/379/,일반디카/토이카메라,1
380,3,77,/8/77/380/,삼각대/플래시/조명,1
381,3,77,/8/77/381/,디지털 캠코더,1
382,3,77,/8/77/382/,메모리/배터리/가방,1
383,3,77,/8/77/383/,기타 카메라,1
384,3,78,/8/78/384/,CPU/메인보드,1
385,3,78,/8/78/385/,HDD/ODD/SSD,1
386,3,78,/8/78/386/,USB/케이블/스피커,1
387,3,78,/8/78/387/,복합기/프린터,1
388,3,78,/8/78/388/,네트워크장비,1
389,3,78,/8/78/389/,쿨러/파워서플라이,1
390,3,78,/8/78/390/,메모리/VGA,1
391,3,78,/8/78/391/,소모품,1
392,3,79,/9/79/392/,마사지기,1
393,3,79,/9/79/393/,청소기,1
394,3,79,/9/79/394/,공기청정기,1
395,3,79,/9/79/395/,가습기,1
396,3,79,/9/79/396/,제습기,1
397,3,79,/9/79/397/,선풍기/냉풍기,1
398,3,79,/9/79/398/,히터/온풍기,1
399,3,79,/9/79/399/,전기매트/장판,1
400,3,79,/9/79/400/,다리미,1
401,3,79,/9/79/401/,미싱/재봉틀,1
402,3,80,/9/80/402/,인덕션/전기레인지,1
403,3,80,/9/80/403/,전기밥솥,1
404,3,80,/9/80/404/,커피머신,1
405,3,80,/9/80/405/,에어프라이어,1
406,3,80,/9/80/406/,믹서기/블렌더,1
407,3,80,/9/80/407/,식기세척기,1
408,3,80,/9/80/408/,정수기,1
409,3,80,/9/80/409/,오븐,1
410,3,80,/9/80/410/,전기포트,1
411,3,80,/9/80/411/,토스터,1
412,3,80,/9/80/412/,전자레인지,1
413,3,80,/9/80/413/,음식물 처리기,1
414,3,81,/9/81/414/,피부케어기기,1
415,3,81,/9/81/415/,고데기,1
416,3,81,/9/81/416/,드라이기,1
417,3,81,/9/81/417/,면도기/이발기,1
418,3,81,/9/81/418/,제모기,1
419,3,88,/10/88/419/,골프 채,1
420,3,88,/10/88/420/,골프 남성 의류,1
421,3,88,/10/88/421/,골프 여성 의류,1
422,3,88,/10/88/422/,골프백,1
423,3,88,/10/88/423/,골프공,1
424,3,88,/10/88/424/,골프 커버,1
425,3,88,/10/88/425/,기타 골프 용품,1
426,3,89,/10/89/426/,캠핑 의자/테이블,1
427,3,89,/10/89/427/,캠핑 취사용품,1
428,3,89,/10/89/428/,캠핑 랜턴,1
429,3,89,/10/89/429/,침낭/매트/해먹,1
430,3,89,/10/89/430/,텐트/그늘막,1
431,3,89,/10/89/431/,기타 캠핑 용품,1
432,3,90,/10/90/432/,공통 낚시 장비,1
433,3,90,/10/90/433/,바다 낚시,1
434,3,90,/10/90/434/,민물 낚시,1
435,3,90,/10/90/435/,루어/플라이 낚시,1
436,3,90,/10/90/436/,낚시 의류 및 기타 용품,1
437,3,91,/10/91/437/,축구 의류/잡화,1
438,3,91,/10/91/438/,축구 용품,1
439,3,91,/10/91/439/,굿즈(카드/사인볼 등),1
440,3,92,/10/92/440/,야구 의류/잡화,1
441,3,92,/10/92/441/,야구 용품,1
442,3,92,/10/92/442/,글러브,1
443,3,92,/10/92/443/,굿즈(카드/사인볼 등),1
444,3,93,/10/93/444/,농구 의류/잡화,1
445,3,93,/10/93/445/,농구 용품,1
446,3,93,/10/93/446/,굿즈(카드/사인볼 등),1
447,3,94,/10/94/447/,자전거 의류 및 액세서리,1
448,3,94,/10/94/448/,자전거 부품,1
449,3,94,/10/94/449/,클래식/픽시,1
450,3,94,/10/94/450/,로드/BMX,1
451,3,94,/10/94/451/,MTB/산악,1
452,3,94,/10/94/452/,전동/하이브리드,1
453,3,94,/10/94/453/,미니벨로/접이식,1
454,3,94,/10/94/454/,기타 자전거,1
455,3,95,/10/95/455/,남성 등산복,1
456,3,95,/10/95/456/,여성 등산복,1
457,3,95,/10/95/457/,등산 가방,1
458,3,95,/10/95/458/,암벽/클라이밍,1
459,3,95,/10/95/459/,기타 등산 용품,1
460,3,96,/10/96/460/,헬스/요가/필라테스 장비,1
461,3,96,/10/96/461/,헬스/요가/필라테스 의류,1
462,3,96,/10/96/462/,기타 용품,1
463,3,104,/10/104/463/,스키/보드 의류 및 잡화,1
464,3,104,/10/104/464/,스노우보드 장비,1
465,3,104,/10/104/465/,스키 장비,1
466,3,104,/10/104/466/,기타 겨울 스포츠,1
467,3,105,/10/105/467/,남성 수영복/래쉬가드,1
468,3,105,/10/105/468/,여성 수영복/래쉬가드,1
469,3,105,/10/105/469/,수영/물놀이 용품,1
470,3,105,/10/105/470/,서핑,1
471,3,105,/10/105/471/,기타 수상 스포츠,1
472,3,106,/10/106/472/,복싱,1
473,3,106,/10/106/473/,주짓수,1
474,3,106,/10/106/474/,기타 격투/무술,1
475,3,108,/11/108/475/,타이어/휠,1
476,3,108,/11/108/476/,차량 부품,1
477,3,108,/11/108/477/,차량/튜닝 용품,1
478,3,108,/11/108/478/,네비게이션/블랙박스,1
479,3,108,/11/108/479/,카오디오/영상,1
480,3,109,/11/109/480/,오토바이(125cc 이하),1
481,3,109,/11/109/481/,오토바이(125cc 초과),1
482,3,110,/11/110/482/,라이더 용품,1
483,3,110,/11/110/483/,오토바이 부품,1
484,3,110,/11/110/484/,오토바이/튜닝 용품,1
485,3,110,/11/110/485/,기타(오토바이 용품/부품),1
486,3,111,/12/111/486/,음반/영상물,1
487,3,111,/12/111/487/,팬시/포토카드,1
488,3,111,/12/111/488/,포스터/화보,1
489,3,111,/12/111/489/,인형/피규어,1
490,3,111,/12/111/490/,응원도구,1
491,3,111,/12/111/491/,의류/패션잡화,1
492,3,111,/12/111/492/,기타(보이그룹),1
493,3,112,/12/112/493/,음반/영상물,1
494,3,112,/12/112/494/,팬시/포토카드,1
495,3,112,/12/112/495/,포스터/화보,1
496,3,112,/12/112/496/,응원도구,1
497,3,112,/12/112/497/,인형/피규어,1
498,3,112,/12/112/498/,의류/패션잡화,1
499,3,112,/12/112/499/,기타(걸그룹),1
500,3,113,/12/113/500/,음반/영상물,1
501,3,113,/12/113/501/,팬시/포토카드,1
502,3,113,/12/113/502/,포스터/화보,1
503,3,113,/12/113/503/,인형/피규어,1
504,3,113,/12/113/504/,응원도구,1
505,3,113,/12/113/505/,의류/패션잡화,1
506,3,113,/12/113/506/,기타(솔로-남),1
507,3,114,/12/114/507/,음반/영상물,1
508,3,114,/12/114/508/,팬시/포토카드,1
509,3,114,/12/114/509/,포스터/화보,1
510,3,114,/12/114/510/,인형/피규어,1
511,3,114,/12/114/511/,응원도구,1
512,3,114,/12/114/512/,의류/패션잡화,1
513,3,114,/12/114/513/,기타(솔로-여),1
514,3,115,/12/115/514/,음반/영상물,1
515,3,115,/12/115/515/,팬시/포토카드,1
516,3,115,/12/115/516/,포스터/화보,1
517,3,115,/12/115/517/,인형/피규어,1
518,3,115,/12/115/518/,응원도구,1
519,3,115,/12/115/519/,의류/패션잡화,1
520,3,115,/12/115/520/,기타(배우-남),1
521,3,116,/12/116/521/,음반/영상물,1
522,3,116,/12/116/522/,팬시/포토카드,1
523,3,116,/12/116/523/,포스터/화보,1
524,3,116,/12/116/524/,인형/피규어,1
525,3,116,/12/116/525/,응원도구,1
526,3,116,/12/116/526/,의류/패션잡화,1
527,3,116,/12/116/527/,기타(배우-여),1
528,3,117,/12/117/528/,음반/영상물,1
529,3,117,/12/117/529/,팬시/포토카드,1
530,3,117,/12/117/530/,포스터/화보,1
531,3,117,/12/117/531/,인형/피규어,1
532,3,117,/12/117/532/,응원도구,1
533,3,117,/12/117/533/,의류/패션잡화,1
534,3,117,/12/117/534/,기타(방송인),1
535,3,130,/15/130/535/,관악기,1
536,3,130,/15/130/536/,현악기,1
537,3,130,/15/130/537/,타악기,1
538,3,130,/15/130/538/,건반악기,1
539,3,130,/15/130/539/,전자악기,1
540,3,130,/15/130/540/,악기 용품,1
541,3,130,/15/130/541/,기타(음반/악기),1
542,3,131,/16/131/542/,시/소설,1
543,3,131,/16/131/543/,자기계발,1
544,3,131,/16/131/544/,교양/인문,1
545,3,131,/16/131/545/,경제/경영,1
546,3,131,/16/131/546/,학습/사전/참고서,1
547,3,131,/16/131/547/,아동/어린이,1
548,3,131,/16/131/548/,만화,1
549,3,131,/16/131/549/,예술/디자인,1
550,3,131,/16/131/550/,여행/취미/레저/건강,1
551,3,131,/16/131/551/,사회/정치/법,1
552,3,131,/16/131/552/,과학/IT,1
553,3,131,/16/131/553/,간행물,1
554,3,131,/16/131/554/,기타(도서),1
555,3,132,/16/132/555/,학습도구/문구/필기류,1
556,3,132,/16/132/556/,미술/화방용품,1
557,3,133,/16/133/557/,치킨/피자/햄버거,1
558,3,133,/16/133/558/,베이커리/도넛/아이스크림,1
559,3,133,/16/133/559/,커피(음료),1
560,3,133,/16/133/560/,편의점,1
561,3,133,/16/133/561/,기타(기프티콘/쿠폰),1
562,3,134,/16/134/562/,문화/도서,1
563,3,134,/16/134/563/,백화점,1
564,3,134,/16/134/564/,외식,1
565,3,134,/16/134/565/,기타(상품권),1
566,3,135,/16/135/566/,뮤지컬/연극,1
567,3,135,/16/135/567/,콘서트,1
568,3,135,/16/135/568/,영화(예매/관람권),1
569,3,135,/16/135/569/,여행/숙박/렌트,1
570,3,135,/16/135/570/,테마파크,1
571,3,135,/16/135/571/,스포츠/레저,1
572,3,135,/16/135/572/,공연/전시/행사,1
573,3,135,/16/135/573/,기타(티켓),1
574,3,136,/17/136/574/,클렌징/스크럽,1
575,3,136,/17/136/575/,스킨/토너/미스트,1
576,3,136,/17/136/576/,로션/에멀젼,1
577,3,136,/17/136/577/,에센스/크림,1
578,3,136,/17/136/578/,팩/마스크,1
579,3,136,/17/136/579/,씬케어,1
580,3,136,/17/136/580/,기타(스킨케어),1
581,3,137,/17/137/581/,아이라이너/브로우,1
582,3,137,/17/137/582/,아이섀도우,1
583,3,137,/17/137/583/,마스카라,1
584,3,137,/17/137/584/,립틴트,1
585,3,137,/17/137/585/,립밤/립글로즈,1
586,3,137,/17/137/586/,립스틱,1
587,3,137,/17/137/587/,치크/블러셔,1
588,3,137,/17/137/588/,기타(색조메이크업),1
589,3,138,/17/138/589/,메이크업베이스,1
590,3,138,/17/138/590/,BB/CC크림,1
591,3,138,/17/138/591/,쿠션팩트,1
592,3,138,/17/138/592/,파운데이션,1
593,3,138,/17/138/593/,파우더/팩트,1
594,3,138,/17/138/594/,프라이머/컨실러,1
595,3,138,/17/138/595/,기타(베이스메이크업),1
596,3,139,/17/139/596/,샴푸/린스,1
597,3,139,/17/139/597/,헤어에센스/트리트먼트,1
598,3,139,/17/139/598/,헤어스타일링,1
599,3,139,/17/139/599/,헤어컬러(염색),1
600,3,139,/17/139/600/,발모제/탈모관련,1
601,3,139,/17/139/601/,바디클렌져/로션,1
602,3,139,/17/139/602/,핸드/풋케어,1
603,3,139,/17/139/603/,기타(헤어/바디),1
604,3,140,/17/140/604/,여성 향수,1
605,3,140,/17/140/605/,남성 향수,1
606,3,140,/17/140/606/,남녀공용 향수,1
607,3,140,/17/140/607/,기타(향수/아로마),1
608,3,141,/17/141/608/,네일아트/스티커,1
609,3,141,/17/141/609/,매니큐어/페디큐어,1
610,3,141,/17/141/610/,네일케어도구,1
611,3,141,/17/141/611/,네일리무버,1
612,3,141,/17/141/612/,기타(네일아트/케어),1
613,3,142,/17/142/613/,뷰티소품(퍼프/거울),1
614,3,142,/17/142/614/,메이크업 브러쉬,1
615,3,142,/17/142/615/,화장품 파우치/정리함,1
616,3,142,/17/142/616/,기타(이미용품),1
617,3,144,/17/144/617/,스킨/로션,1
618,3,144,/17/144/618/,클렌징/마스크,1
619,3,144,/17/144/619/,에센스/크림,1
620,3,144,/17/144/620/,BB크림,1
621,3,144,/17/144/621/,선케어,1
622,3,144,/17/144/622/,왁스,1
623,3,144,/17/144/623/,올인원,1
624,3,144,/17/144/624/,세트,1
625,3,144,/17/144/625/,기타(남성화장품),1
626,3,145,/18/145/626/,거실가구,1
627,3,145,/18/145/627/,침실가구,1
628,3,145,/18/145/628/,학생/서재/사무용가구,1
629,3,145,/18/145/629/,선반/수납 가구,1
630,3,145,/18/145/630/,주방가구,1
631,3,147,/18/147/631/,수공예품,1
632,3,147,/18/147/632/,수공예 용품/부자재,1
633,3,149,/18/149/633/,포스터/그림/액자,1
634,3,149,/18/149/634/,디퓨저/캔들,1
635,3,149,/18/149/635/,쿠션/방석,1
636,3,149,/18/149/636/,탁상/벽시계,1
637,3,149,/18/149/637/,식탁보/테이블 매트,1
638,3,149,/18/149/638/,거울,1
639,3,149,/18/149/639/,기타 인테리어 소품,1
640,3,150,/18/150/640/,식물/꽃,1
641,3,150,/18/150/641/,원예 용품,1
642,3,154,/19/154/642/,그릇/홈세트,1
643,3,154,/19/154/643/,잔/컵,1
644,3,154,/19/154/644/,텀블러/물병,1
645,3,154,/19/154/645/,수저/커트러리,1
646,3,154,/19/154/646/,업소용품/기기,1
647,3,154,/19/154/647/,냄비/프라이팬,1
648,3,154,/19/154/648/,조리도구,1
649,3,154,/19/154/649/,칼/도마,1
650,3,154,/19/154/650/,보관/밀폐용기,1
651,3,154,/19/154/651/,주전자/티포트,1
652,3,154,/19/154/652/,커피용품,1
653,3,154,/19/154/653/,제과/제빵,1
654,3,154,/19/154/654/,주방수납용품,1
655,3,154,/19/154/655/,기타 주방용품,1
656,3,155,/19/155/656/,구강/면도용품,1
657,3,155,/19/155/657/,샤워/목욕용품,1
658,3,155,/19/155/658/,수건/타월,1
659,3,155,/19/155/659/,샤워기/헤드/수전용품,1
660,3,155,/19/155/660/,욕실수납/정리,1
661,3,155,/19/155/661/,용조/반신욕 용품,1
662,3,155,/19/155/662/,변기/비데용품,1
663,3,155,/19/155/663/,기타 욕실용품,1
664,3,156,/19/156/664/,청소용품,1
665,3,156,/19/156/665/,세탁/빨래용품,1
666,3,156,/19/156/666/,세제,1
667,3,156,/19/156/667/,화장지,1
668,3,156,/19/156/668/,생리대,1
669,3,156,/19/156/669/,기타 생활용품,1
670,3,174,/22/174/670/,우주복/슈트,1
671,3,174,/22/174/671/,싸개/배냇저고리,1
672,3,174,/22/174/672/,원피스,1
673,3,174,/22/174/673/,유아상의,1
674,3,174,/22/174/674/,유아하의,1
675,3,174,/22/174/675/,유아내의/속옷,1
676,3,174,/22/174/676/,자켓/점퍼,1
677,3,174,/22/174/677/,정장/드레스,1
678,3,174,/22/174/678/,베이비수영복,1
679,3,174,/22/174/679/,기타 베이비의류,1
680,3,175,/22/175/680/,원피스,1
681,3,175,/22/175/681/,상하복/세트,1
682,3,175,/22/175/682/,자켓/점퍼,1
683,3,175,/22/175/683/,코트/정장,1
684,3,175,/22/175/684/,가디건/조끼,1
685,3,175,/22/175/685/,니트/스웨터,1
686,3,175,/22/175/686/,블라우스/셔츠,1
687,3,175,/22/175/687/,티셔츠,1
688,3,175,/22/175/688/,바지,1
689,3,175,/22/175/689/,치마,1
690,3,175,/22/175/690/,스포츠/테마의류,1
691,3,175,/22/175/691/,속옷/잠옷,1
692,3,175,/22/175/692/,기타 여아의류,1
693,3,176,/22/176/693/,상하복/세트,1
694,3,176,/22/176/694/,자켓/점퍼,1
695,3,176,/22/176/695/,코트/정장,1
696,3,176,/22/176/696/,가디건/조끼,1
697,3,176,/22/176/697/,니트/스웨터,1
698,3,176,/22/176/698/,셔츠/남방,1
699,3,176,/22/176/699/,티셔츠,1
700,3,176,/22/176/700/,바지,1
701,3,176,/22/176/701/,스포츠/테마의류,1
702,3,176,/22/176/702/,속옷/잠옷,1
703,3,176,/22/176/703/,기타 남아의류,1
704,3,177,/22/177/704/,원피스,1
705,3,177,/22/177/705/,상하복/세트,1
706,3,177,/22/177/706/,자켓/점퍼,1
707,3,177,/22/177/707/,코트/정장,1
708,3,177,/22/177/708/,가디건/조끼,1
709,3,177,/22/177/709/,니트/스웨터,1
710,3,177,/22/177/710/,블라우스/셔츠,1
711,3,177,/22/177/711/,티셔츠,1
712,3,177,/22/177/712/,바지,1
713,3,177,/22/177/713/,치마,1
714,3,177,/22/177/714/,스포츠/테마의류,1
715,3,177,/22/177/715/,속옷/잠옷,1
716,3,177,/22/177/716/,기타 여주니어의류,1
717,3,178,/22/178/717/,상하복/세트,1
718,3,178,/22/178/718/,자켓/점퍼,1
719,3,178,/22/178/719/,코트/정장,1
720,3,178,/22/178/720/,가디건/조끼,1
721,3,178,/22/178/721/,니트/스웨터,1
722,3,178,/22/178/722/,셔츠/남방,1
723,3,178,/22/178/723/,티셔츠,1
724,3,178,/22/178/724/,바지,1
725,3,178,/22/178/725/,스포츠/테마의류,1
726,3,178,/22/178/726/,속옷/잠옷,1
727,3,178,/22/178/727/,기타 남주니어의류,1
728,3,179,/22/179/728/,액세서리,1
729,3,179,/22/179/729/,신발,1
730,3,179,/22/179/730/,가방/지갑,1
731,3,179,/22/179/731/,모자,1
732,3,179,/22/179/732/,양말,1
733,3,179,/22/179/733/,기타 신발/가방/잡화,1
734,3,180,/22/180/734/,유모차,1
735,3,180,/22/180/735/,아기띠,1
736,3,180,/22/180/736/,카시트,1
737,3,180,/22/180/737/,보행기/쏘서,1
738,3,180,/22/180/738/,기저귀,1
739,3,180,/22/180/739/,가구/침대/매트,1
740,3,180,/22/180/740/,이불/침구,1
741,3,180,/22/180/741/,목욕/구강용품,1
742,3,180,/22/180/742/,세탁/위생용품,1
743,3,180,/22/180/743/,유아동 스킨케어,1
744,3,180,/22/180/744/,기타 유아동용품,1
745,3,181,/22/181/745/,임부의류/수유복,1
746,3,181,/22/181/746/,임부스킨케어,1
747,3,181,/22/181/747/,기타 임부 의류/용품,1
748,3,182,/22/182/748/,인형(유아용),1
749,3,182,/22/182/749/,캐릭터완구/로봇,1
750,3,182,/22/182/750/,교구/CD/DVD,1
751,3,182,/22/182/751/,퍼즐/블록,1
752,3,182,/22/182/752/,스포츠완구,1
753,3,182,/22/182/753/,신생아완구,1
754,3,182,/22/182/754/,자전거/승용완구,1
755,3,182,/22/182/755/,물놀이/계절용품,1
756,3,182,/22/182/756/,놀이집/텐트/미끄럼틀,1
757,3,182,/22/182/757/,기타 교구/완구/인형,1
758,3,183,/22/183/758/,수유용품,1
759,3,183,/22/183/759/,젖병/세정용품,1
760,3,183,/22/183/760/,분유,1
761,3,183,/22/183/761/,수저/식판/이유식용품,1
762,3,183,/22/183/762/,기타 수유/이유용품,1
763,3,192,/25/192/763/,그림/디자인,1
764,3,192,/25/192/764/,사진/영상제작,1
765,3,192,/25/192/765/,음악/녹음,1
766,3,192,/25/192/766/,기타,1
767,3,193,/25/193/767/,상담/노하우,1
768,3,193,/25/193/768/,생활서비스,1
769,3,193,/25/193/769/,대행서비스,1
770,3,193,/25/193/770/,기타,1
771,3,194,/25/194/771/,피부/메이크업,1
772,3,194,/25/194/772/,의류/헤어,1
773,3,194,/25/194/773/,기타,1
774,3,195,/25/195/774/,포스팅/리뷰,1
775,3,195,/25/195/775/,타이핑/문서,1
776,3,195,/25/195/776/,번역/통역,1
777,3,195,/25/195/777/,기타,1
778,3,196,/25/196/778/,구매 대행,1
779,3,196,/25/196/779/,판매 대행,1
780,3,196,/25/196/780/,기타,1
